{
    "language": "Solidity",
    "settings": {
        "outputSelection": {
            "*": {
                "*": [
                    "abi",
                    "evm.bytecode.object",
                    "evm.deployedBytecode",
                    "metadata",
                    "devdoc"
                ]
            }
        }
    },
    "sources": {
        "PackageRegistryInterface.sol": {
            "urls": [
                "/Users/nickgheorghita/ethereum/ethpm-cli/projects/simple-registry/contracts/PackageRegistryInterface.sol"
            ]
        },
        "PackageRegistry.sol": {
            "urls": [
                "/Users/nickgheorghita/ethereum/ethpm-cli/projects/simple-registry/contracts/PackageRegistry.sol"
            ]
        },
        "Ownable.sol": {
            "urls": [
                "/Users/nickgheorghita/ethereum/ethpm-cli/projects/simple-registry/contracts/Ownable.sol"
            ]
        }
    }
}